H2H3encountersWins,3AllWins,3Wins,H2H3encountersLosses,3AllLosses,3Losses,H2H3encountersDraws,3AllDraws,3Draws,3FTGoals,3HTGoals,3Shots,3ShotsOnTarget,3Corners,3Fouls,3Yellows,3Reds,PtsDiff,result,BetResult
0.5,0.5,0.666666667,0.5,0.666666667,0.5,0,0.333333333,0.333333333,0.555555556,0.642857143,0.531914894,0.535211268,0.578125,0.4625,0.45,0.333333333,0.530999919,H,H
0.666666667,0.5,0.666666667,0.333333333,0.5,0.5,0,0.5,0.333333333,0.444444444,0.571428571,0.489361702,0.577464789,0.375,0.4125,0.35,0.5,0.41904454,D,A
0.666666667,0.5,0.666666667,0.333333333,0.666666667,0.5,0,0.333333333,0.333333333,0.407407407,0.571428571,0.478723404,0.507042254,0.484375,0.4,0.45,0.5,0.581278797,D,H
0.5,0.666666667,0.833333333,0.5,0.5,0.333333333,0,0.333333333,0.333333333,0.518518519,0.357142857,0.574468085,0.633802817,0.609375,0.375,0.45,0.333333333,0.50432463,D,H
0.5,0.333333333,0.5,0.5,0.666666667,0.666666667,0,0.5,0.333333333,0.444444444,0.5,0.521276596,0.563380282,0.421875,0.5125,0.5,0.5,0.505052138,A,H
0.333333333,0.5,0.666666667,0.333333333,0.666666667,0.5,0.333333333,0.333333333,0.333333333,0.407407407,0.5,0.446808511,0.535211268,0.515625,0.25,0.4,0.5,0.518632285,H,H
0.333333333,0.5,0.5,0.333333333,0.5,0.5,0.333333333,0.5,0.5,0.444444444,0.428571429,0.563829787,0.591549296,0.484375,0.4,0.5,0.5,0.524452348,A,H
0.333333333,0.666666667,0.833333333,0.666666667,0.5,0.333333333,0,0.333333333,0.333333333,0.592592593,0.571428571,0.521276596,0.605633803,0.453125,0.4875,0.45,0.333333333,0.506749656,H,H
0.333333333,0.5,0.666666667,0.666666667,0.5,0.5,0,0.5,0.333333333,0.555555556,0.571428571,0.659574468,0.549295775,0.296875,0.3625,0.35,0.666666667,0.452024897,H,H
0.333333333,0.666666667,0.666666667,0.666666667,0.5,0.5,0,0.333333333,0.333333333,0.555555556,0.357142857,0.574468085,0.61971831,0.421875,0.35,0.2,0.5,0.558645219,A,H
0.333333333,0.666666667,0.666666667,0.666666667,0.5,0.5,0,0.333333333,0.333333333,0.481481481,0.5,0.5,0.549295775,0.34375,0.375,0.65,0.333333333,0.537385822,H,H
0.5,0.666666667,0.666666667,0.5,0.333333333,0.333333333,0,0.5,0.5,0.592592593,0.642857143,0.595744681,0.521126761,0.421875,0.35,0.55,0.5,0.577479589,D,H
0.333333333,0.5,0.666666667,0.666666667,0.5,0.333333333,0,0.5,0.5,0.62962963,0.642857143,0.531914894,0.492957746,0.3125,0.325,0.5,0.5,0.509821356,D,H
0.333333333,0.5,0.5,0.666666667,0.666666667,0.5,0,0.333333333,0.5,0.444444444,0.357142857,0.468085106,0.492957746,0.609375,0.5125,0.5,0.5,0.473930968,H,A
0.333333333,0.5,0.833333333,0.333333333,0.5,0.333333333,0.333333333,0.5,0.333333333,0.407407407,0.428571429,0.585106383,0.450704225,0.609375,0.5125,0.35,0.5,0.431978013,A,A
0.333333333,0.5,0.666666667,0.666666667,0.666666667,0.666666667,0,0.333333333,0.166666667,0.481481481,0.642857143,0.446808511,0.478873239,0.484375,0.325,0.4,0.5,0.448872363,A,H
0.333333333,0.666666667,0.666666667,0.333333333,0.5,0.5,0.333333333,0.333333333,0.333333333,0.333333333,0.357142857,0.606382979,0.549295775,0.375,0.4375,0.35,0.5,0.524371514,A,H
0.333333333,0.666666667,0.666666667,0.666666667,0.333333333,0.5,0,0.5,0.333333333,0.666666667,0.642857143,0.414893617,0.436619718,0.4375,0.4,0.45,0.5,0.47013176,D,A
0.333333333,0.333333333,0.666666667,0.333333333,0.666666667,0.5,0.333333333,0.5,0.333333333,0.481481481,0.5,0.340425532,0.394366197,0.453125,0.4,0.45,0.5,0.375313233,H,A
0.333333333,0.333333333,0.666666667,0.333333333,0.666666667,0.5,0.333333333,0.5,0.333333333,0.296296296,0.428571429,0.5,0.563380282,0.5625,0.4,0.4,0.5,0.334330289,H,A
0.333333333,0.5,0.833333333,0.333333333,0.666666667,0.333333333,0.333333333,0.333333333,0.333333333,0.444444444,0.571428571,0.531914894,0.605633803,0.390625,0.4,0.55,0.5,0.58305715,H,H
0.5,0.5,0.666666667,0.5,0.666666667,0.666666667,0,0.333333333,0.166666667,0.407407407,0.5,0.404255319,0.464788732,0.390625,0.225,0.3,0.5,0.498666236,A,H
0.666666667,0.5,0.666666667,0.333333333,0.666666667,0.5,0,0.333333333,0.333333333,0.37037037,0.571428571,0.659574468,0.633802817,0.578125,0.3625,0.6,0.5,0.53196993,D,H
0.333333333,0.5,0.666666667,0.333333333,0.5,0.333333333,0.333333333,0.5,0.5,0.444444444,0.357142857,0.638297872,0.647887324,0.640625,0.375,0.4,0.5,0.730337079,H,H
0.666666667,0.5,0.666666667,0.333333333,0.5,0.333333333,0,0.5,0.5,0.481481481,0.5,0.680851064,0.633802817,0.59375,0.45,0.6,0.5,0.54215504,H,H
0.333333333,0.5,0.833333333,0.333333333,0.666666667,0.5,0.333333333,0.333333333,0.166666667,0.407407407,0.428571429,0.627659574,0.563380282,0.484375,0.5375,0.45,0.5,0.512812222,H,H
0.333333333,0.5,0.666666667,0.333333333,0.666666667,0.5,0.333333333,0.333333333,0.333333333,0.259259259,0.357142857,0.521276596,0.61971831,0.5625,0.475,0.4,0.5,0.492846173,A,A
0.666666667,0.5,0.666666667,0.333333333,0.666666667,0.5,0,0.333333333,0.333333333,0.518518519,0.428571429,0.425531915,0.450704225,0.5,0.4125,0.7,0.5,0.512812222,D,H
0.333333333,0.666666667,0.666666667,0.333333333,0.5,0.5,0.333333333,0.333333333,0.333333333,0.407407407,0.642857143,0.489361702,0.450704225,0.453125,0.475,0.65,0.5,0.561716919,H,H
0.666666667,0.5,0.666666667,0.333333333,0.5,0.333333333,0,0.5,0.5,0.481481481,0.5,0.531914894,0.563380282,0.53125,0.4,0.6,0.666666667,0.524775685,H,H
0.333333333,0.666666667,0.666666667,0.333333333,0.333333333,0.333333333,0.333333333,0.5,0.5,0.592592593,0.571428571,0.489361702,0.521126761,0.578125,0.425,0.4,0.5,0.52736238,A,H
0.333333333,0.5,0.666666667,0.333333333,0.333333333,0.5,0.333333333,0.666666667,0.333333333,0.481481481,0.5,0.446808511,0.507042254,0.59375,0.475,0.5,0.5,0.479427694,D,A
0.333333333,0.666666667,0.666666667,0.333333333,0.5,0.333333333,0.333333333,0.333333333,0.5,0.444444444,0.357142857,0.393617021,0.422535211,0.453125,0.45,0.35,0.5,0.328510226,A,A
0.666666667,0.666666667,0.666666667,0.333333333,0.5,0.333333333,0,0.333333333,0.5,0.555555556,0.571428571,0.70212766,0.647887324,0.609375,0.4625,0.45,0.5,0.5477326,D,H
0.333333333,0.5,0.5,0.666666667,0.666666667,0.666666667,0,0.333333333,0.333333333,0.555555556,0.5,0.425531915,0.450704225,0.265625,0.475,0.5,0.5,0.254142753,D,A
0.333333333,0.333333333,0.5,0.666666667,0.666666667,0.5,0,0.5,0.5,0.444444444,0.642857143,0.553191489,0.521126761,0.453125,0.4125,0.25,0.333333333,0.519521461,H,H
0.666666667,0.5,0.666666667,0.333333333,0.5,0.333333333,0,0.5,0.5,0.407407407,0.571428571,0.425531915,0.408450704,0.453125,0.25,0.55,0.5,0.504082128,D,H
0.333333333,0.333333333,0.666666667,0.333333333,0.5,0.5,0.333333333,0.666666667,0.333333333,0.481481481,0.571428571,0.393617021,0.507042254,0.578125,0.3875,0.5,0.5,0.504082128,H,H
0.333333333,0.666666667,0.666666667,0.666666667,0.333333333,0.333333333,0,0.5,0.5,0.62962963,0.571428571,0.563829787,0.549295775,0.34375,0.2875,0.45,0.5,0.527766551,D,H
0.333333333,0.666666667,0.833333333,0.666666667,0.333333333,0.333333333,0,0.5,0.333333333,0.444444444,0.357142857,0.468085106,0.464788732,0.4375,0.425,0.55,0.5,0.721364481,H,H
0.333333333,0.5,0.5,0.333333333,0.5,0.5,0.333333333,0.5,0.5,0.62962963,0.571428571,0.414893617,0.507042254,0.53125,0.375,0.35,0.666666667,0.505698812,A,A
0.666666667,0.5,0.666666667,0.333333333,0.666666667,0.5,0,0.333333333,0.333333333,0.592592593,0.714285714,0.531914894,0.535211268,0.4375,0.5625,0.45,0.666666667,0.442648129,H,H
0.333333333,0.333333333,0.5,0.666666667,0.666666667,0.666666667,0,0.5,0.333333333,0.444444444,0.357142857,0.521276596,0.535211268,0.640625,0.35,0.5,0.5,0.512812222,A,H
0.666666667,0.666666667,0.5,0.333333333,0.5,0.5,0,0.333333333,0.5,0.444444444,0.5,0.436170213,0.408450704,0.609375,0.2625,0.45,0.5,0.665346375,A,H
0.666666667,0.666666667,0.666666667,0.333333333,0.333333333,0.5,0,0.5,0.333333333,0.518518519,0.714285714,0.638297872,0.633802817,0.5,0.375,0.5,0.5,0.563252769,H,H
0.333333333,0.666666667,0.5,0.333333333,0.5,0.5,0.333333333,0.333333333,0.5,0.37037037,0.428571429,0.414893617,0.408450704,0.4375,0.5375,0.45,0.5,0.452024897,A,A
0.333333333,0.666666667,0.666666667,0.333333333,0.333333333,0.333333333,0.333333333,0.5,0.5,0.481481481,0.5,0.617021277,0.676056338,0.5,0.475,0.5,0.5,0.515318083,A,H
0.333333333,0.5,0.666666667,0.333333333,0.666666667,0.666666667,0.333333333,0.333333333,0.166666667,0.444444444,0.428571429,0.5,0.478873239,0.40625,0.6,0.5,0.5,0.495432867,D,H
0.333333333,0.666666667,0.666666667,0.333333333,0.333333333,0.5,0.333333333,0.5,0.333333333,0.481481481,0.5,0.521276596,0.422535211,0.328125,0.225,0.5,0.5,0.73688465,D,H
0.333333333,0.833333333,0.666666667,0.666666667,0.333333333,0.5,0,0.333333333,0.333333333,0.592592593,0.571428571,0.468085106,0.549295775,0.53125,0.4375,0.55,0.5,0.569396168,A,H
0.666666667,0.666666667,0.666666667,0.333333333,0.5,0.333333333,0,0.333333333,0.5,0.555555556,0.5,0.489361702,0.549295775,0.21875,0.3375,0.35,0.5,0.541508366,D,H
0.333333333,0.5,0.666666667,0.333333333,0.666666667,0.333333333,0.333333333,0.333333333,0.5,0.481481481,0.642857143,0.659574468,0.746478873,0.5625,0.4,0.5,0.5,0.50893218,D,H
0.333333333,0.333333333,0.5,0.333333333,0.666666667,0.5,0.333333333,0.5,0.5,0.481481481,0.5,0.489361702,0.436619718,0.40625,0.4625,0.4,0.666666667,0.500929593,D,H
0.333333333,0.5,0.666666667,0.333333333,0.666666667,0.666666667,0.333333333,0.333333333,0.166666667,0.481481481,0.571428571,0.436170213,0.464788732,0.296875,0.425,0.3,0.5,0.488561959,A,A
0.666666667,0.5,0.5,0.333333333,0.5,0.333333333,0,0.5,0.666666667,0.555555556,0.5,0.5,0.521126761,0.5,0.35,0.5,0.5,0.415487834,H,H
0.333333333,0.5,0.666666667,0.333333333,0.666666667,0.5,0.333333333,0.333333333,0.333333333,0.444444444,0.428571429,0.638297872,0.732394366,0.640625,0.4375,0.3,0.666666667,0.523482338,D,H
0.333333333,0.5,0.666666667,0.333333333,0.5,0.333333333,0.333333333,0.5,0.5,0.407407407,0.428571429,0.457446809,0.507042254,0.609375,0.45,0.7,0.5,0.478861854,D,H
0.666666667,0.5,0.666666667,0.333333333,0.5,0.333333333,0,0.5,0.5,0.666666667,0.642857143,0.372340426,0.591549296,0.5625,0.4875,0.6,0.5,0.443941476,A,H
0.333333333,0.666666667,0.833333333,0.333333333,0.5,0.333333333,0.333333333,0.333333333,0.333333333,0.518518519,0.785714286,0.606382979,0.577464789,0.53125,0.4125,0.45,0.5,0.524452348,H,H
0.333333333,0.333333333,0.666666667,0.333333333,0.666666667,0.333333333,0.333333333,0.5,0.5,0.407407407,0.5,0.5,0.563380282,0.484375,0.5,0.65,0.5,0.515156414,H,H
0.666666667,0.333333333,0.666666667,0.333333333,0.666666667,0.5,0,0.5,0.333333333,0.407407407,0.428571429,0.553191489,0.521126761,0.546875,0.675,0.6,0.5,0.50796217,D,H
0.333333333,0.333333333,0.5,0.333333333,0.5,0.5,0.333333333,0.666666667,0.5,0.481481481,0.5,0.531914894,0.507042254,0.578125,0.3625,0.55,0.5,0.486945275,D,A
0.333333333,0.333333333,0.666666667,0.666666667,0.5,0.333333333,0,0.666666667,0.5,0.444444444,0.5,0.446808511,0.436619718,0.546875,0.5375,0.6,0.5,0.554199337,H,H
0.333333333,0.666666667,0.666666667,0.333333333,0.333333333,0.5,0.333333333,0.5,0.333333333,0.518518519,0.571428571,0.64893617,0.61971831,0.59375,0.3125,0.65,0.5,0.51968313,D,H
0.5,0.666666667,0.666666667,0.5,0.333333333,0.333333333,0,0.5,0.5,0.62962963,0.357142857,0.414893617,0.577464789,0.515625,0.4,0.7,0.5,0.517904777,H,H
0.5,0.333333333,0.833333333,0.5,0.833333333,0.333333333,0,0.333333333,0.333333333,0.296296296,0.428571429,0.574468085,0.61971831,0.515625,0.475,0.5,0.5,0.519925633,A,H
0.333333333,0.666666667,0.5,0.333333333,0.333333333,0.5,0.333333333,0.5,0.5,0.666666667,0.428571429,0.606382979,0.605633803,0.4375,0.375,0.3,0.5,0.516934767,D,H
0.333333333,0.333333333,0.833333333,0.333333333,0.666666667,0.5,0.333333333,0.5,0.166666667,0.444444444,0.571428571,0.510638298,0.492957746,0.296875,0.3625,0.5,0.5,0.48492442,A,H
0.5,0.333333333,0.333333333,0.5,0.666666667,0.666666667,0,0.5,0.5,0.444444444,0.428571429,0.510638298,0.492957746,0.59375,0.4125,0.5,0.5,0.507638833,A,H
0.333333333,0.666666667,0.666666667,0.666666667,0.5,0.666666667,0,0.333333333,0.166666667,0.555555556,0.428571429,0.276595745,0.436619718,0.359375,0.375,0.35,0.5,0.48953197,H,H
0.333333333,0.666666667,0.666666667,0.666666667,0.5,0.5,0,0.333333333,0.333333333,0.592592593,0.714285714,0.29787234,0.436619718,0.375,0.45,0.35,0.666666667,0.480478539,D,H
0.333333333,0.333333333,0.5,0.333333333,0.666666667,0.5,0.333333333,0.5,0.5,0.407407407,0.5,0.542553191,0.507042254,0.359375,0.4125,0.5,0.666666667,0.545550077,A,H
0.333333333,0.666666667,0.833333333,0.333333333,0.5,0.5,0.333333333,0.333333333,0.166666667,0.407407407,0.357142857,0.638297872,0.577464789,0.671875,0.425,0.45,0.333333333,0.486945275,H,H
0.666666667,0.5,0.5,0.333333333,0.5,0.5,0,0.5,0.5,0.481481481,0.571428571,0.595744681,0.661971831,0.390625,0.5375,0.6,0.666666667,0.504082128,H,H
0.333333333,0.666666667,0.666666667,0.333333333,0.333333333,0.333333333,0.333333333,0.5,0.5,0.592592593,0.571428571,0.35106383,0.38028169,0.546875,0.45,0.35,0.5,0.634386873,H,H
0.333333333,0.333333333,0.5,0.666666667,0.5,0.5,0,0.666666667,0.5,0.444444444,0.428571429,0.659574468,0.605633803,0.671875,0.3125,0.45,0.5,0.482822731,H,H
0.5,0.666666667,0.666666667,0.5,0.5,0.166666667,0,0.333333333,0.666666667,0.592592593,0.571428571,0.457446809,0.450704225,0.421875,0.4625,0.5,0.5,0.512812222,D,H
0.666666667,0.333333333,0.666666667,0.333333333,0.666666667,0.5,0,0.5,0.333333333,0.37037037,0.428571429,0.521276596,0.422535211,0.359375,0.425,0.7,0.5,0.621372565,D,H
0.666666667,0.333333333,0.5,0.333333333,0.666666667,0.5,0,0.5,0.5,0.444444444,0.642857143,0.70212766,0.563380282,0.53125,0.5875,0.5,0.5,0.436100558,D,H
0.333333333,0.5,0.666666667,0.333333333,0.333333333,0.333333333,0.333333333,0.666666667,0.5,0.518518519,0.571428571,0.457446809,0.507042254,0.453125,0.4,0.6,0.5,0.66219384,H,H
0.666666667,0.666666667,0.833333333,0.333333333,0.333333333,0.5,0,0.5,0.166666667,0.62962963,0.571428571,0.638297872,0.647887324,0.59375,0.4625,0.45,0.5,0.67965403,H,H
0.333333333,0.5,0.666666667,0.333333333,0.666666667,0.333333333,0.333333333,0.333333333,0.5,0.259259259,0.357142857,0.446808511,0.422535211,0.34375,0.4875,0.4,0.5,0.528089888,H,H
0.333333333,0.5,0.5,0.333333333,0.5,0.333333333,0.333333333,0.5,0.666666667,0.555555556,0.571428571,0.457446809,0.422535211,0.453125,0.35,0.4,0.333333333,0.520248969,H,H
0.333333333,0.5,0.666666667,0.333333333,0.5,0.333333333,0.333333333,0.5,0.5,0.407407407,0.357142857,0.723404255,0.633802817,0.59375,0.325,0.5,0.666666667,0.537466656,D,H
0.333333333,0.5,1,0.666666667,0.666666667,0.333333333,0,0.333333333,0.166666667,0.481481481,0.5,0.595744681,0.535211268,0.65625,0.3625,0.35,0.5,0.7169186,H,H
0.5,0.333333333,0.666666667,0.5,0.666666667,0.5,0,0.5,0.333333333,0.444444444,0.428571429,0.510638298,0.464788732,0.421875,0.7625,0.7,0.5,0.533182443,D,H
0.333333333,0.333333333,0.5,0.666666667,0.833333333,0.5,0,0.333333333,0.5,0.444444444,0.428571429,0.585106383,0.563380282,0.546875,0.275,0.55,0.5,0.416053674,D,A
0.333333333,0.666666667,0.5,0.333333333,0.333333333,0.5,0.333333333,0.5,0.5,0.703703704,0.571428571,0.638297872,0.633802817,0.625,0.3875,0.4,0.5,0.515803088,H,H
0.666666667,0.333333333,0.833333333,0.333333333,0.5,0.333333333,0,0.666666667,0.333333333,0.518518519,0.571428571,0.361702128,0.535211268,0.4375,0.375,0.35,0.333333333,0.563171934,H,H
0.5,0.666666667,0.666666667,0.5,0.666666667,0.333333333,0,0.166666667,0.5,0.518518519,0.5,0.308510638,0.323943662,0.421875,0.425,0.6,0.5,0.515156414,A,H
0.333333333,0.5,0.5,0.333333333,0.666666667,0.333333333,0.333333333,0.333333333,0.666666667,0.518518519,0.428571429,0.585106383,0.605633803,0.421875,0.4125,0.55,0.5,0.526069032,D,H
0.333333333,0.333333333,0.5,0.666666667,0.5,0.5,0,0.666666667,0.5,0.444444444,0.357142857,0.372340426,0.323943662,0.53125,0.4625,0.35,0.5,0.483307736,H,H
0.333333333,0.666666667,0.833333333,0.333333333,0.333333333,0.333333333,0.333333333,0.5,0.333333333,0.703703704,0.571428571,0.585106383,0.549295775,0.609375,0.4625,0.6,0.5,0.52372484,H,H
0.666666667,0.333333333,0.5,0.333333333,0.833333333,0.5,0,0.333333333,0.5,0.481481481,0.5,0.574468085,0.521126761,0.390625,0.5625,0.5,0.5,0.491876162,H,A
0.333333333,0.666666667,0.833333333,0.333333333,0.5,0.166666667,0.333333333,0.333333333,0.5,0.518518519,0.571428571,0.595744681,0.563380282,0.578125,0.275,0.4,0.5,0.739148007,H,H
0.666666667,0.666666667,0.833333333,0.333333333,0.5,0.333333333,0,0.333333333,0.333333333,0.62962963,0.428571429,0.734042553,0.732394366,0.546875,0.2875,0.3,0.5,0.532212432,H,H
0.5,0.5,0.666666667,0.5,0.5,0.333333333,0,0.5,0.5,0.444444444,0.428571429,0.457446809,0.563380282,0.4375,0.45,0.3,0,0.501899604,H,H
0.333333333,0.333333333,0.5,0.666666667,0.5,0.5,0,0.666666667,0.5,0.407407407,0.428571429,0.382978723,0.366197183,0.46875,0.6,0.5,0.5,0.373777383,A,A
0.333333333,0.5,0.666666667,0.333333333,0.5,0.333333333,0.333333333,0.5,0.5,0.407407407,0.571428571,0.329787234,0.450704225,0.3125,0.5,0.65,0.333333333,0.504809635,A,H
0.333333333,0.5,0.5,0.666666667,0.5,0.333333333,0,0.5,0.666666667,0.444444444,0.357142857,0.372340426,0.352112676,0.359375,0.3875,0.4,0.5,0.313879234,D,A
0.333333333,0.5,0.833333333,0.333333333,0.666666667,0.166666667,0.333333333,0.333333333,0.5,0.407407407,0.357142857,0.64893617,0.605633803,0.5,0.425,0.35,0.5,0.585643844,D,H
0.333333333,0.5,0.666666667,0.333333333,0.5,0.333333333,0.333333333,0.5,0.5,0.444444444,0.5,0.531914894,0.450704225,0.140625,0.5375,0.55,0.333333333,0.53908334,A,A
0.333333333,0.5,0.5,0.666666667,0.5,0.5,0,0.5,0.5,0.592592593,0.642857143,0.35106383,0.436619718,0.34375,0.5125,0.65,0.666666667,0.4399806,A,A
0.5,0.5,0.833333333,0.5,0.5,0.166666667,0,0.5,0.5,0.37037037,0.285714286,0.361702128,0.436619718,0.4375,0.4625,0.6,0.5,0.514509741,D,A
0.666666667,0.333333333,0.666666667,0.333333333,0.666666667,0.666666667,0,0.5,0.166666667,0.481481481,0.5,0.595744681,0.676056338,0.609375,0.3875,0.3,0.666666667,0.567375313,D,H
0.666666667,0.5,0.833333333,0.333333333,0.5,0.166666667,0,0.5,0.5,0.481481481,0.5,0.425531915,0.535211268,0.421875,0.2,0.5,0.5,0.613450812,H,H
0.333333333,0.5,0.833333333,0.333333333,0.666666667,0.333333333,0.333333333,0.333333333,0.333333333,0.444444444,0.428571429,0.361702128,0.450704225,0.171875,0.4125,0.5,0.5,0.419448711,H,H
0.333333333,0.5,0.833333333,0.666666667,0.5,0.166666667,0,0.5,0.5,0.481481481,0.214285714,0.627659574,0.577464789,0.515625,0.3,0.45,0.5,0.851588392,H,H
0.333333333,0.5,1,0.666666667,0.5,0.166666667,0,0.5,0.333333333,0.518518519,0.642857143,0.531914894,0.563380282,0.375,0.4875,0.5,0.5,0.670843101,H,H
0.333333333,0.666666667,0.666666667,0.666666667,0.5,0.333333333,0,0.333333333,0.5,0.62962963,0.642857143,0.489361702,0.450704225,0.484375,0.4625,0.8,0.5,0.522512327,D,H
0.666666667,0.333333333,0.666666667,0.333333333,0.5,0.333333333,0,0.666666667,0.5,0.481481481,0.642857143,0.542553191,0.61971831,0.71875,0.425,0.45,0.333333333,0.505456309,D,H
0.333333333,0.333333333,0.5,0.333333333,0.5,0.666666667,0.333333333,0.666666667,0.333333333,0.481481481,0.357142857,0.595744681,0.661971831,0.359375,0.3375,0.35,0.5,0.499878749,D,H
0.333333333,0.333333333,0.5,0.333333333,0.5,0.5,0.333333333,0.666666667,0.5,0.444444444,0.357142857,0.606382979,0.61971831,0.53125,0.4625,0.5,0.666666667,0.434241371,A,H
0.666666667,0.666666667,0.666666667,0.333333333,0.5,0.666666667,0,0.333333333,0.166666667,0.666666667,0.5,0.680851064,0.76056338,0.59375,0.4875,0.55,0.5,0.676339827,H,H
0.5,0.666666667,0.833333333,0.5,0.5,0.166666667,0,0.333333333,0.5,0.481481481,0.571428571,0.329787234,0.323943662,0.296875,0.4625,0.5,0.5,0.508608843,A,H
0.666666667,0.666666667,0.666666667,0.333333333,0.333333333,0.333333333,0,0.5,0.5,0.666666667,0.714285714,0.404255319,0.492957746,0.328125,0.4375,0.4,0.333333333,0.514348072,A,H
0.333333333,0.5,0.5,0.666666667,0.5,0.333333333,0,0.5,0.666666667,0.444444444,0.571428571,0.468085106,0.492957746,0.25,0.4625,0.45,0.666666667,0.431331339,A,A
0.333333333,0.5,0.833333333,0.666666667,0.5,0.166666667,0,0.5,0.5,0.407407407,0.428571429,0.361702128,0.408450704,0.4375,0.3875,0.65,0.5,0.576186242,A,H
0.333333333,0.5,0.5,0.666666667,0.5,0.333333333,0,0.5,0.666666667,0.37037037,0.428571429,0.329787234,0.338028169,0.421875,0.3375,0.5,0.5,0.570285345,D,H
0.333333333,0.666666667,0.833333333,0.333333333,0.666666667,0.333333333,0.333333333,0.166666667,0.333333333,0.444444444,0.714285714,0.404255319,0.464788732,0.359375,0.375,0.45,0.5,0.377253254,H,H
0.333333333,0.666666667,0.666666667,0.333333333,0.5,0.333333333,0.333333333,0.333333333,0.5,0.444444444,0.714285714,0.510638298,0.478873239,0.5625,0.55,0.65,0.666666667,0.536819982,D,H
0.333333333,0.666666667,0.666666667,0.333333333,0.333333333,0.333333333,0.333333333,0.5,0.5,0.518518519,0.571428571,0.712765957,0.718309859,0.65625,0.2375,0.45,0.5,0.608843262,H,H
0.333333333,0.5,0.5,0.666666667,0.666666667,0.833333333,0,0.333333333,0.166666667,0.37037037,0.428571429,0.5,0.492957746,0.53125,0.575,0.3,0.5,0.511923046,D,H
0.333333333,0.333333333,0.5,0.333333333,0.5,0.5,0.333333333,0.666666667,0.5,0.481481481,0.428571429,0.404255319,0.521126761,0.390625,0.55,0.65,0.5,0.501414599,A,A
0.666666667,0.5,0.666666667,0.333333333,0.5,0.333333333,0,0.5,0.5,0.444444444,0.428571429,0.234042553,0.253521127,0.34375,0.4375,0.5,0.5,0.491471991,H,H
0.5,0.5,0.666666667,0.5,0.5,0.5,0,0.5,0.333333333,0.296296296,0.214285714,0.223404255,0.281690141,0.359375,0.425,0.45,0.333333333,0.507234662,H,A
0.333333333,0.5,0.5,0.333333333,0.5,0.333333333,0.333333333,0.5,0.666666667,0.481481481,0.428571429,0.468085106,0.507042254,0.28125,0.4875,0.45,0.666666667,0.506264651,H,A
0.333333333,0.333333333,0.5,0.333333333,0.666666667,0.666666667,0.333333333,0.5,0.333333333,0.444444444,0.5,0.404255319,0.394366197,0.265625,0.4125,0.6,0.333333333,0.597283971,H,H
0.333333333,0.333333333,0.5,0.333333333,0.833333333,0.5,0.333333333,0.333333333,0.5,0.333333333,0.357142857,0.489361702,0.478873239,0.390625,0.3375,0.5,0.5,0.455824105,A,H
0.666666667,0.833333333,0.833333333,0.333333333,0.333333333,0.333333333,0,0.333333333,0.333333333,0.518518519,0.571428571,0.393617021,0.492957746,0.328125,0.475,0.45,0.5,0.571740361,D,H
0.333333333,0.333333333,0.666666667,0.333333333,0.5,0.333333333,0.333333333,0.666666667,0.5,0.444444444,0.357142857,0.776595745,0.647887324,0.625,0.325,0.4,0.5,0.450812384,H,H
0.666666667,0.5,0.5,0.333333333,0.5,0.333333333,0,0.5,0.666666667,0.407407407,0.5,0.574468085,0.492957746,0.734375,0.325,0.25,0.5,0.549672621,D,H
0.5,0.833333333,0.833333333,0.5,0.333333333,0.333333333,0,0.333333333,0.333333333,0.62962963,0.642857143,0.659574468,0.676056338,0.671875,0.3,0.3,0.5,0.572225366,H,H
0.666666667,0.333333333,0.5,0.333333333,0.5,0.5,0,0.666666667,0.5,0.481481481,0.5,0.234042553,0.394366197,0.515625,0.4125,0.35,0.5,0.397623474,D,A
0.666666667,0.5,0.666666667,0.333333333,0.333333333,0.333333333,0,0.666666667,0.5,0.592592593,0.714285714,0.574468085,0.478873239,0.453125,0.4,0.55,0.666666667,0.619755881,H,H
0.333333333,0.5,0.5,0.333333333,0.666666667,0.5,0.333333333,0.333333333,0.5,0.37037037,0.285714286,0.531914894,0.394366197,0.46875,0.3125,0.65,0.666666667,0.474900978,H,H
0.5,0.5,0.333333333,0.5,0.666666667,0.5,0,0.333333333,0.666666667,0.555555556,0.642857143,0.585106383,0.563380282,0.453125,0.3875,0.6,0.666666667,0.502142107,A,H
0.333333333,0.5,0.833333333,0.333333333,0.5,0.166666667,0.333333333,0.5,0.5,0.481481481,0.428571429,0.70212766,0.746478873,0.515625,0.5125,0.3,0.333333333,0.512812222,H,H
0.333333333,0.666666667,0.666666667,0.666666667,0.666666667,0.5,0,0.166666667,0.333333333,0.407407407,0.428571429,0.212765957,0.352112676,0.578125,0.55,0.55,0.5,0.391480074,D,A
0.5,0.666666667,0.666666667,0.5,0.166666667,0.333333333,0,0.666666667,0.5,0.555555556,0.571428571,0.521276596,0.535211268,0.5625,0.5375,0.65,0.5,0.515479751,D,H
0.333333333,0.833333333,0.5,0.333333333,0.5,0.5,0.333333333,0.166666667,0.5,0.62962963,0.357142857,0.521276596,0.521126761,0.421875,0.2875,0.45,0.5,0.491471991,D,A
0.333333333,0.5,0.5,0.333333333,0.666666667,0.5,0.333333333,0.333333333,0.5,0.407407407,0.5,0.414893617,0.436619718,0.484375,0.5,0.55,0.833333333,0.448144855,D,A
0.333333333,0.666666667,0.833333333,0.333333333,0.5,0.166666667,0.333333333,0.333333333,0.5,0.481481481,0.5,0.361702128,0.38028169,0.515625,0.3875,0.2,0.5,0.493816183,A,A
0.333333333,0.166666667,0.833333333,0.333333333,0.666666667,0.333333333,0.333333333,0.666666667,0.333333333,0.444444444,0.428571429,0.478723404,0.535211268,0.453125,0.375,0.45,0.333333333,0.512812222,D,H
0.666666667,0.666666667,0.666666667,0.333333333,0.666666667,0.5,0,0.166666667,0.333333333,0.518518519,0.428571429,0.574468085,0.563380282,0.453125,0.625,0.75,0.333333333,0.565273624,D,H
0.666666667,0.5,0.833333333,0.333333333,0.5,0.166666667,0,0.5,0.5,0.666666667,0.714285714,0.659574468,0.633802817,0.453125,0.3125,0.55,0.5,0.599062323,H,H
0.333333333,0.333333333,0.333333333,0.333333333,0.666666667,0.666666667,0.333333333,0.5,0.5,0.37037037,0.5,0.510638298,0.478873239,0.5,0.275,0.3,0.5,0.474011802,A,A
0.333333333,0.666666667,0.666666667,0.333333333,0.166666667,0.5,0.333333333,0.666666667,0.333333333,0.555555556,0.571428571,0.553191489,0.605633803,0.5,0.35,0.25,0.333333333,0.49510953,H,H
0.333333333,0.5,1,0.333333333,0.666666667,0.166666667,0.333333333,0.333333333,0.333333333,0.555555556,0.571428571,0.553191489,0.563380282,0.671875,0.525,0.45,0.5,0.60957077,H,H
0.333333333,0.333333333,0.5,0.333333333,0.833333333,0.5,0.333333333,0.333333333,0.5,0.555555556,0.714285714,0.436170213,0.450704225,0.390625,0.475,0.6,0.5,0.466979226,A,A
0.333333333,0.5,0.5,0.333333333,0.666666667,0.833333333,0.333333333,0.333333333,0.166666667,0.62962963,0.571428571,0.372340426,0.450704225,0.46875,0.4375,0.55,0.5,0.510953035,H,H
0,0.5,0.5,0.666666667,0.5,0.5,0.333333333,0.5,0.5,0.518518519,0.5,0.574468085,0.633802817,0.546875,0.3625,0.5,0.333333333,0.452671571,H,H
0,0.666666667,0.666666667,0.666666667,0.5,0.333333333,0.333333333,0.333333333,0.5,0.555555556,0.5,0.468085106,0.549295775,0.59375,0.4875,0.45,0.5,0.516288093,A,H
0.333333333,0.5,0.666666667,0.333333333,0.666666667,0.166666667,0.333333333,0.333333333,0.666666667,0.444444444,0.5,0.457446809,0.521126761,0.28125,0.3,0.45,0.5,0.42672379,A,A
0.333333333,0.833333333,0.833333333,0.666666667,0.5,0.333333333,0,0.166666667,0.333333333,0.518518519,0.428571429,0.595744681,0.549295775,0.765625,0.3625,0.55,0.5,0.510306362,A,H
0.333333333,0.666666667,0.5,0.666666667,0.5,0.666666667,0,0.333333333,0.333333333,0.518518519,0.571428571,0.765957447,0.816901408,0.578125,0.2,0.3,0.333333333,0.524209846,D,H
0,0.5,0.666666667,0.666666667,0.666666667,0.5,0.333333333,0.333333333,0.333333333,0.37037037,0.5,0.531914894,0.507042254,0.421875,0.4875,0.6,0.333333333,0.535445801,H,H
0.666666667,0.5,0.666666667,0.333333333,0.666666667,0.333333333,0,0.333333333,0.5,0.481481481,0.357142857,0.510638298,0.535211268,0.59375,0.4875,0.85,0.5,0.517419772,A,H
0.333333333,0.5,0.666666667,0.333333333,0.666666667,0.666666667,0.333333333,0.333333333,0.166666667,0.518518519,0.571428571,0.595744681,0.718309859,0.46875,0.4375,0.35,0.833333333,0.498666236,A,H
0,0.5,0.5,0.666666667,0.5,0.666666667,0.333333333,0.5,0.333333333,0.444444444,0.428571429,0.563829787,0.507042254,0.59375,0.5,0.35,0.5,0.494058686,H,H
0.333333333,0.333333333,0.666666667,0.333333333,0.666666667,0.166666667,0.333333333,0.5,0.666666667,0.444444444,0.5,0.531914894,0.605633803,0.578125,0.375,0.3,0.333333333,0.496322043,H,H
0,0.5,0.666666667,0,0.666666667,0.5,0,0.333333333,0.333333333,0.407407407,0.5,0.510638298,0.563380282,0.484375,0.55,0.45,0.5,0.514024735,D,A
0.5,0.5,0.5,0.5,0.333333333,0.333333333,0,0.666666667,0.666666667,0.518518519,0.571428571,0.446808511,0.394366197,0.3125,0.3,0.45,0.666666667,0.507638833,A,A
0.333333333,0.666666667,0.666666667,0.333333333,0.333333333,0.166666667,0.333333333,0.5,0.666666667,0.518518519,0.642857143,0.510638298,0.549295775,0.515625,0.4375,0.45,0.333333333,0.528979064,A,A
0,0.666666667,0.666666667,0.666666667,0.5,0.5,0.333333333,0.333333333,0.333333333,0.62962963,0.571428571,0.510638298,0.577464789,0.59375,0.5875,0.55,0.5,0.512812222,A,H
0.666666667,0.333333333,0.5,0.333333333,0.5,0.5,0,0.666666667,0.5,0.407407407,0.357142857,0.531914894,0.507042254,0.53125,0.475,0.7,0.666666667,0.404171045,A,H
0.333333333,0.333333333,0.333333333,0.333333333,0.666666667,0.5,0.333333333,0.5,0.666666667,0.592592593,0.5,0.563829787,0.61971831,0.421875,0.475,0.55,0.5,0.435211381,D,H
0.666666667,0.666666667,0.666666667,0.333333333,0.166666667,0.333333333,0,0.666666667,0.5,0.481481481,0.5,0.531914894,0.507042254,0.296875,0.35,0.4,0.5,0.565920297,H,H
0.333333333,0.5,1,0.333333333,0.666666667,0.166666667,0.333333333,0.333333333,0.333333333,0.37037037,0.357142857,0.478723404,0.436619718,0.359375,0.4,0.5,0.5,0.498666236,D,A
0.666666667,0.666666667,0.5,0.333333333,0.666666667,0.333333333,0,0.166666667,0.666666667,0.555555556,0.5,0.5,0.535211268,0.515625,0.4625,0.65,0.5,0.572952874,H,H
0,0.5,0.5,0.666666667,0.666666667,0.666666667,0.333333333,0.333333333,0.333333333,0.555555556,0.5,0.489361702,0.450704225,0.46875,0.35,0.35,0.333333333,0.497857893,D,A
0,0.5,0.666666667,0,0.5,0.333333333,0,0.5,0.5,0.555555556,0.571428571,0.553191489,0.577464789,0.453125,0.4875,0.5,0.5,0.480801875,A,H
0,0.666666667,0.666666667,0.666666667,0.333333333,0.5,0.333333333,0.5,0.333333333,0.37037037,0.428571429,0.436170213,0.521126761,0.546875,0.475,0.35,0.5,0.512812222,H,H
0.333333333,0.333333333,0.666666667,0.333333333,0.5,0.5,0.333333333,0.666666667,0.333333333,0.518518519,0.428571429,0.510638298,0.577464789,0.5625,0.525,0.85,0.5,0.47570932,A,H
0.333333333,0.333333333,0.666666667,0.666666667,0.666666667,0.166666667,0,0.5,0.666666667,0.407407407,0.357142857,0.425531915,0.436619718,0.375,0.5375,0.55,0.5,0.4553391,H,H
0.333333333,0.5,0.333333333,0.666666667,0.5,0.666666667,0,0.5,0.5,0.37037037,0.428571429,0.553191489,0.563380282,0.640625,0.625,0.6,0.666666667,0.500444588,H,H
0,0.333333333,0.666666667,0,0.666666667,0.5,0,0.5,0.333333333,0.444444444,0.5,0.606382979,0.492957746,0.515625,0.4625,0.5,0.5,0.50893218,D,H
0.333333333,0.333333333,0.666666667,0.333333333,0.833333333,0.333333333,0.333333333,0.333333333,0.5,0.407407407,0.357142857,0.446808511,0.492957746,0.203125,0.4875,0.55,0.5,0.318567618,D,H
0.666666667,0.333333333,0.833333333,0.333333333,0.5,0.166666667,0,0.666666667,0.5,0.407407407,0.428571429,0.404255319,0.422535211,0.46875,0.3125,0.55,0.5,0.520491472,H,H
0.333333333,0.833333333,1,0.666666667,0.333333333,0.333333333,0,0.333333333,0.166666667,0.592592593,0.571428571,0.478723404,0.577464789,0.5,0.375,0.5,0.5,0.651604559,H,H
0.333333333,0.666666667,0.5,0.333333333,0.5,0.666666667,0.333333333,0.333333333,0.333333333,0.444444444,0.5,0.234042553,0.338028169,0.21875,0.4125,0.4,0.333333333,0.436100558,H,A
0.333333333,0.333333333,0.5,0.666666667,0.5,0.333333333,0,0.666666667,0.666666667,0.333333333,0.5,0.446808511,0.521126761,0.359375,0.3,0.6,0.5,0.404575216,H,A
0.5,0.666666667,0.833333333,0.5,0.333333333,0.5,0,0.5,0.166666667,0.703703704,0.785714286,0.755319149,0.718309859,0.578125,0.425,0.4,0.666666667,0.530353245,A,H
0.333333333,0.333333333,0.5,0.333333333,0.666666667,0.833333333,0.333333333,0.5,0.166666667,0.407407407,0.428571429,0.329787234,0.436619718,0.53125,0.4125,0.45,0.5,0.474900978,D,H
0.333333333,0.666666667,0.666666667,0.333333333,0.333333333,0.333333333,0.333333333,0.5,0.5,0.518518519,0.642857143,0.521276596,0.591549296,0.390625,0.4375,0,0.5,0.495594536,H,H
0.333333333,0.5,0.666666667,0.333333333,0.5,0.333333333,0.333333333,0.5,0.5,0.703703704,0.571428571,0.872340426,0.830985915,0.578125,0.3375,0.45,0.333333333,0.52121898,H,H
0.333333333,0.333333333,0.333333333,0.333333333,0.666666667,0.5,0.333333333,0.5,0.666666667,0.444444444,0.357142857,0.436170213,0.535211268,0.4375,0.5,0.35,0.333333333,0.48953197,A,A
0,0.5,0.833333333,0.666666667,0.666666667,0.333333333,0.333333333,0.333333333,0.333333333,0.518518519,0.5,0.627659574,0.647887324,0.5,0.4875,0.6,0.5,0.499474578,D,H
0.666666667,0.5,0.666666667,0,0.5,0.5,0.333333333,0.5,0.333333333,0.518518519,0.5,0.478723404,0.507042254,0.515625,0.375,0.65,0.5,0.508204672,D,H
0.333333333,0.333333333,0.5,0.333333333,0.5,0.333333333,0.333333333,0.666666667,0.666666667,0.444444444,0.5,0.585106383,0.549295775,0.484375,0.525,0.15,0.5,0.437798076,H,H
0.666666667,0.5,0.5,0.333333333,0.833333333,0.333333333,0,0.166666667,0.666666667,0.444444444,0.5,0.5,0.591549296,0.5,0.5375,0.5,0.5,0.458491634,D,H
0.333333333,0.333333333,0.666666667,0.333333333,0.5,0.333333333,0.333333333,0.666666667,0.5,0.333333333,0.428571429,0.244680851,0.352112676,0.484375,0.6125,0.45,0.5,0.469242583,A,A
0.666666667,0.5,0.666666667,0.333333333,0.333333333,0.333333333,0,0.666666667,0.5,0.333333333,0.5,0.436170213,0.394366197,0.484375,0.4375,0.7,0.666666667,0.495594536,H,H
0.333333333,0.5,0.333333333,0.666666667,0.666666667,0.833333333,0,0.333333333,0.333333333,0.407407407,0.5,0.680851064,0.535211268,0.46875,0.4125,0.65,0.333333333,0.459461644,H,H
0,0.5,0.833333333,0.666666667,0.5,0.5,0.333333333,0.5,0.166666667,0.518518519,0.285714286,0.5,0.492957746,0.59375,0.45,0.5,0.5,0.435211381,H,H
0.333333333,0.5,0.333333333,0.333333333,0.5,0.5,0.333333333,0.5,0.666666667,0.518518519,0.642857143,0.436170213,0.521126761,0.34375,0.5,0.65,0.5,0.442405626,D,A
0.666666667,0.666666667,0.333333333,0.333333333,0.5,0.666666667,0,0.333333333,0.5,0.555555556,0.642857143,0.340425532,0.422535211,0.25,0.4,0.4,0.5,0.516288093,A,H
0,0.5,0.583333333,0,0.5,0.583333333,0,0.5,0.333333333,0.518518519,0.428571429,0.468085106,0.464788732,0.46875,0.225,0.3,0.5,0.519278959,H,H
0.333333333,0.666666667,0.833333333,0.333333333,0.333333333,0.166666667,0.333333333,0.5,0.5,0.407407407,0.357142857,0.617021277,0.605633803,0.703125,0.2625,0.45,0.5,0.525422359,D,H
0,0.5,0.666666667,0.5,0.666666667,0.5,0.5,0.333333333,0.333333333,0.518518519,0.5,0.468085106,0.450704225,0.359375,0.4625,0.35,0.333333333,0.461320831,D,A
0.666666667,0.666666667,0.666666667,0,0.5,0.5,0.333333333,0.333333333,0.333333333,0.444444444,0.5,0.404255319,0.492957746,0.453125,0.4375,0.5,0.333333333,0.46552421,A,H
0.333333333,0.666666667,0.5,0.333333333,0.333333333,0.333333333,0.333333333,0.5,0.666666667,0.481481481,0.285714286,0.617021277,0.521126761,0.578125,0.475,0.65,0.5,0.545711745,A,H
0.666666667,0.5,0.833333333,0.333333333,0.333333333,0.666666667,0,0.666666667,0,0.444444444,0.571428571,0.553191489,0.61971831,0.625,0.4375,0.4,0.5,0.51046803,D,H
0.666666667,0.666666667,0.666666667,0.333333333,0.333333333,0.333333333,0,0.5,0.5,0.555555556,0.5,0.510638298,0.450704225,0.453125,0.575,0.85,0.5,0.538679169,A,H
0.333333333,0.5,0.666666667,0.333333333,0.5,0.166666667,0.333333333,0.5,0.666666667,0.555555556,0.642857143,0.478723404,0.521126761,0.203125,0.5375,0.45,0.333333333,0.520895643,H,H
0.333333333,0.833333333,0.833333333,0.333333333,0.333333333,0.333333333,0.333333333,0.333333333,0.333333333,0.37037037,0.285714286,0.404255319,0.492957746,0.484375,0.3625,0.2,0.5,0.574892895,D,H
0,0.333333333,0.5,0.666666667,0.666666667,0.5,0.333333333,0.5,0.5,0.407407407,0.357142857,0.531914894,0.450704225,0.46875,0.475,0.35,0.5,0.377091585,H,A
0,0.5,0.666666667,0,0.5,0.5,0,0.5,0.333333333,0.555555556,0.5,0.553191489,0.549295775,0.546875,0.3375,0.4,0.166666667,0.531484924,D,A
0,0.5,0.5,0,0.5,0.5,0,0.5,0.5,0.592592593,0.571428571,0.574468085,0.563380282,0.53125,0.275,0.5,0.5,0.515156414,D,H
0.666666667,0.333333333,0.5,0.333333333,0.5,0.333333333,0,0.666666667,0.666666667,0.37037037,0.357142857,0.659574468,0.633802817,0.484375,0.425,0.6,0.5,0.549915124,H,H
0,0.666666667,0.666666667,0.666666667,0.5,0.333333333,0.333333333,0.333333333,0.5,0.518518519,0.5,0.468085106,0.507042254,0.421875,0.2375,0.6,0.5,0.498989572,H,H
0.333333333,0.5,0.833333333,0.333333333,0.333333333,0.333333333,0.333333333,0.666666667,0.333333333,0.481481481,0.571428571,0.20212766,0.323943662,0.359375,0.4375,0.4,0.333333333,0.496564546,A,H
0.666666667,0.5,0.666666667,0.333333333,0.5,0.166666667,0,0.5,0.666666667,0.62962963,0.714285714,0.755319149,0.661971831,0.578125,0.3125,0.45,0.5,0.570285345,A,H
0.333333333,0.5,0.666666667,0.333333333,0.333333333,0.166666667,0.333333333,0.666666667,0.666666667,0.481481481,0.428571429,0.446808511,0.464788732,0.46875,0.5375,0.55,0.5,0.573922884,D,H
0.333333333,0.333333333,0.5,0.333333333,0.666666667,0.666666667,0.333333333,0.5,0.333333333,0.407407407,0.571428571,0.234042553,0.309859155,0.359375,0.45,0.5,0.666666667,0.501414599,D,H
0.333333333,0.5,0.5,0.333333333,0.833333333,0.333333333,0.333333333,0.166666667,0.666666667,0.555555556,0.5,0.521276596,0.563380282,0.296875,0.3875,0.5,0.5,0.461078328,A,H
0.333333333,0.833333333,0.5,0.333333333,0.333333333,0.333333333,0.333333333,0.333333333,0.666666667,0.62962963,0.571428571,0.553191489,0.633802817,0.421875,0.325,0.35,0.5,0.473284294,H,H
0.333333333,0.666666667,0.5,0.333333333,0.5,0.333333333,0.333333333,0.333333333,0.666666667,0.555555556,0.714285714,0.489361702,0.647887324,0.46875,0.4875,0.65,0.666666667,0.512812222,A,H
0.666666667,0.666666667,0.666666667,0.333333333,0.666666667,0.333333333,0,0.166666667,0.5,0.481481481,0.428571429,0.329787234,0.38028169,0.28125,0.6875,0.55,0.5,0.507638833,H,H
0.666666667,0.5,0.666666667,0,0.5,0.333333333,0.333333333,0.5,0.5,0.444444444,0.571428571,0.510638298,0.521126761,0.515625,0.2875,0.35,0.333333333,0.504728801,H,H
0.333333333,0.666666667,0.5,0.666666667,0.333333333,0.333333333,0,0.5,0.666666667,0.62962963,0.357142857,0.64893617,0.661971831,0.765625,0.5,0.5,0.333333333,0.52275483,H,H
0.333333333,0.333333333,0.333333333,0.333333333,0.666666667,0.5,0.333333333,0.5,0.666666667,0.407407407,0.428571429,0.361702128,0.352112676,0.53125,0.525,0.45,0.5,0.488238623,D,H
0.666666667,0.5,0.5,0.333333333,0.333333333,0.333333333,0,0.666666667,0.666666667,0.444444444,0.571428571,0.670212766,0.676056338,0.640625,0.4375,0.6,0.5,0.517743109,H,H
0.333333333,0.666666667,0.833333333,0.333333333,0.333333333,0.166666667,0.333333333,0.5,0.5,0.592592593,0.571428571,0.574468085,0.61971831,0.703125,0.375,0.25,0.666666667,0.574650392,H,H
0.333333333,0.333333333,0.5,0.333333333,0.666666667,0.5,0.333333333,0.5,0.5,0.37037037,0.357142857,0.414893617,0.422535211,0.296875,0.6125,0.75,0.5,0.377010751,H,H
0.333333333,0.5,0.5,0.666666667,0.333333333,0.666666667,0,0.666666667,0.333333333,0.518518519,0.5,0.212765957,0.352112676,0.34375,0.4375,0.55,0.666666667,0.442728963,A,A
0,0.5,0.666666667,0.666666667,0.5,0.333333333,0.333333333,0.5,0.5,0.555555556,0.642857143,0.425531915,0.450704225,0.34375,0.4,0.65,0.5,0.462371676,D,H
0.333333333,0.833333333,0.5,0.333333333,0.5,0.333333333,0.333333333,0.166666667,0.666666667,0.666666667,0.5,0.478723404,0.492957746,0.515625,0.375,0.35,0.333333333,0.528574893,D,H
0.5,0.666666667,0.833333333,0.5,0.333333333,0.166666667,0,0.5,0.5,0.666666667,0.785714286,0.531914894,0.549295775,0.640625,0.3375,0.6,0.666666667,0.545145906,H,H
0,0.666666667,0.75,0,0.5,0.5,0,0.333333333,0.25,0.481481481,0.357142857,0.531914894,0.605633803,0.484375,0.275,0.55,0.5,0.512246383,D,A
0.333333333,0.666666667,0.833333333,0.333333333,0.5,0.166666667,0.333333333,0.333333333,0.5,0.666666667,0.714285714,0.787234043,0.732394366,0.453125,0.5125,0.4,0.5,0.85942931,H,H
0,0.5,0.833333333,0,0.666666667,0.333333333,0,0.333333333,0.333333333,0.407407407,0.428571429,0.627659574,0.647887324,0.578125,0.4125,0.45,0.5,0.496322043,D,H
0,0.5,0.5,0,0.666666667,0.5,0,0.333333333,0.5,0.592592593,0.642857143,0.478723404,0.521126761,0.53125,0.325,0.5,0.5,0.506992159,A,H
0,0.666666667,0.666666667,0.666666667,0.666666667,0.333333333,0.333333333,0.166666667,0.5,0.518518519,0.5,0.542553191,0.549295775,0.515625,0.525,0.35,0.333333333,0.52218899,H,H
0,0.5,0.666666667,0,0.5,0.5,0,0.5,0.333333333,0.666666667,0.5,0.755319149,0.690140845,0.53125,0.3625,0.3,0.5,0.58556301,H,H
0.666666667,0.5,0.5,0.333333333,0.333333333,0.333333333,0,0.666666667,0.666666667,0.518518519,0.5,0.563829787,0.535211268,0.3125,0.375,0.7,0.5,0.48953197,H,H
0.333333333,0.5,0.333333333,0.666666667,0.5,0.666666667,0,0.5,0.5,0.481481481,0.571428571,0.276595745,0.309859155,0.265625,0.3875,0.6,0.333333333,0.487349446,A,A
0.666666667,0.5,0.5,0.333333333,0.333333333,0.333333333,0,0.666666667,0.666666667,0.407407407,0.357142857,0.414893617,0.450704225,0.609375,0.2375,0.35,0.333333333,0.306199984,A,A
0,0.5,0.833333333,0,0.5,0.333333333,0,0.5,0.333333333,0.407407407,0.357142857,0.627659574,0.647887324,0.5625,0.325,0.4,0.5,0.508285506,D,H
0.5,0.333333333,0.5,0.5,0.666666667,0.333333333,0,0.5,0.666666667,0.444444444,0.285714286,0.776595745,0.746478873,0.703125,0.6125,0.4,0.5,0.509983025,A,H
0.666666667,0.333333333,0.333333333,0.333333333,0.5,0.5,0,0.666666667,0.666666667,0.37037037,0.428571429,0.712765957,0.591549296,0.515625,0.375,0.45,0.5,0.385498343,H,H
0,0.333333333,0.666666667,0.666666667,0.5,0.333333333,0.333333333,0.666666667,0.5,0.444444444,0.571428571,0.531914894,0.464788732,0.453125,0.3125,0.3,0.5,0.510306362,H,H
0,0.333333333,0.833333333,0.666666667,0.666666667,0.333333333,0.333333333,0.5,0.333333333,0.444444444,0.5,0.382978723,0.464788732,0.515625,0.6,0.5,0.5,0.518066446,H,H
0.333333333,0.666666667,0.833333333,0.333333333,0.333333333,0.166666667,0.333333333,0.5,0.5,0.555555556,0.642857143,0.563829787,0.492957746,0.5625,0.6625,0.65,0.333333333,0.623150917,H,H
0.333333333,0.333333333,0.666666667,0.666666667,0.5,0.166666667,0,0.666666667,0.666666667,0.333333333,0.357142857,0.457446809,0.450704225,0.625,0.2875,0.4,0.333333333,0.344757902,H,A
0.666666667,0.666666667,0.666666667,0.333333333,0.166666667,0.333333333,0,0.666666667,0.5,0.666666667,0.5,0.585106383,0.647887324,0.546875,0.25,0.55,0.333333333,0.498989572,H,H
0.333333333,0.5,0.5,0.333333333,0.333333333,0.333333333,0.333333333,0.666666667,0.666666667,0.37037037,0.285714286,0.617021277,0.605633803,0.671875,0.375,0.5,0.5,0.576832916,H,H
0,0.5,0.666666667,0,0.666666667,0.333333333,0,0.333333333,0.5,0.444444444,0.5,0.446808511,0.464788732,0.375,0.4625,0.6,0.5,0.505294641,D,H
0.333333333,0.666666667,0.833333333,0.333333333,0.833333333,0.333333333,0.333333333,0,0.333333333,0.592592593,0.642857143,0.457446809,0.521126761,0.484375,0.3875,0.4,0.5,0.555492685,H,H
0.333333333,0.5,1,0.333333333,0.5,0.333333333,0.333333333,0.5,0.166666667,0.444444444,0.285714286,0.553191489,0.464788732,0.703125,0.2375,0.55,0.666666667,0.748201439,H,H
0.666666667,0.5,0.833333333,0,0.5,0.333333333,0.333333333,0.5,0.333333333,0.518518519,0.714285714,0.489361702,0.450704225,0.46875,0.35,0.45,0.5,0.766227467,A,H
0.333333333,0.833333333,1,0.333333333,0.5,0.333333333,0.333333333,0.166666667,0.166666667,0.518518519,0.5,0.595744681,0.563380282,0.3125,0.425,0.45,0.5,0.631153504,H,H
0.333333333,0.333333333,0.5,0.333333333,0.666666667,0.5,0.333333333,0.5,0.5,0.481481481,0.571428571,0.595744681,0.690140845,0.421875,0.7,0.8,0.5,0.526149867,H,H
0,0.333333333,0.666666667,0,0.666666667,0.5,0,0.5,0.333333333,0.296296296,0.357142857,0.531914894,0.492957746,0.5,0.525,0.4,0.5,0.50432463,D,H
0.333333333,0.333333333,0.5,0.333333333,0.666666667,0.5,0.333333333,0.5,0.5,0.296296296,0.142857143,0.35106383,0.352112676,0.578125,0.325,0.3,0.5,0.479831865,A,H
0.666666667,0.833333333,0.833333333,0.333333333,0.166666667,0.333333333,0,0.5,0.333333333,0.518518519,0.642857143,0.553191489,0.478873239,0.453125,0.2125,0.3,0.5,0.597283971,D,H
0,0.5,0.5,0,0.5,0.5,0,0.5,0.5,0.518518519,0.5,0.64893617,0.676056338,0.59375,0.4375,0.6,0.5,0.498262065,H,A
0.5,0.5,0.5,0.5,0.666666667,0.333333333,0,0.333333333,0.666666667,0.481481481,0.5,0.531914894,0.563380282,0.421875,0.6125,0.9,0.5,0.514671409,H,H
0.666666667,0.5,0.666666667,0,0.666666667,0.5,0.333333333,0.333333333,0.333333333,0.333333333,0.357142857,0.542553191,0.591549296,0.5625,0.4375,0.6,0.5,0.494705359,H,H
0.333333333,0.333333333,0.666666667,0.333333333,0.333333333,0.333333333,0.333333333,0.833333333,0.5,0.444444444,0.5,0.468085106,0.38028169,0.34375,0.35,0.6,0.5,0.507072993,A,H
0.666666667,0.833333333,0.833333333,0.333333333,0.333333333,0.166666667,0,0.333333333,0.5,0.62962963,0.428571429,0.372340426,0.478873239,0.390625,0.55,0.5,0.5,0.494705359,D,A
0.333333333,0.333333333,0.833333333,0.666666667,0.666666667,0.166666667,0,0.5,0.5,0.407407407,0.571428571,0.255319149,0.253521127,0.5,0.575,0.55,0.5,0.475305149,A,H
0.333333333,0.333333333,0.5,0.333333333,0.833333333,0.5,0.333333333,0.333333333,0.5,0.333333333,0.357142857,0.64893617,0.633802817,0.53125,0.5375,0.75,0.5,0.530999919,H,H
0.666666667,0.166666667,0.5,0.333333333,0.666666667,0.5,0,0.666666667,0.5,0.296296296,0.357142857,0.393617021,0.366197183,0.5,0.45,0.5,0.333333333,0.539972516,D,H
0.666666667,0.333333333,0.5,0.333333333,0.833333333,0.333333333,0,0.333333333,0.666666667,0.37037037,0.5,0.340425532,0.338028169,0.578125,0.4625,0.5,0.5,0.492199499,H,H
0,0.5,0.75,0,0.666666667,0.416666667,0,0.333333333,0.333333333,0.333333333,0.428571429,0.446808511,0.38028169,0.453125,0.575,0.5,0.333333333,0.515722254,H,H
0.666666667,0.833333333,0.833333333,0.333333333,0.333333333,0.333333333,0,0.333333333,0.333333333,0.62962963,0.785714286,0.372340426,0.535211268,0.546875,0.425,0.65,0.5,0.582410476,A,H
0.333333333,0.333333333,0.666666667,0.666666667,0.666666667,0.5,0,0.5,0.333333333,0.222222222,0,0.595744681,0.591549296,0.4375,0.5,0.5,0.5,0.60957077,D,H
0.666666667,0.5,0.5,0.333333333,0.5,0.333333333,0,0.5,0.666666667,0.481481481,0.5,0.244680851,0.281690141,0.234375,0.3,0.35,0.5,0.46495837,D,A
0,0.5,0.666666667,0,0.5,0.5,0,0.5,0.333333333,0.62962963,0.714285714,0.659574468,0.718309859,0.53125,0.4875,0.55,0.5,0.532616603,H,H
0.333333333,0.5,0.5,0.666666667,0.666666667,0.333333333,0,0.333333333,0.666666667,0.481481481,0.428571429,0.872340426,0.830985915,0.546875,0.25,0.35,0.5,0.538274998,D,H
0,0.666666667,0.5,0,0.5,0.5,0,0.333333333,0.5,0.555555556,0.642857143,0.436170213,0.408450704,0.4375,0.4875,0.45,0.333333333,0.478861854,H,H
0,0.666666667,0.833333333,0,0.5,0.333333333,0,0.333333333,0.333333333,0.592592593,0.428571429,0.595744681,0.521126761,0.421875,0.625,0.5,0.5,0.509659688,D,H
0.333333333,0.666666667,0.666666667,0.333333333,0.5,0.333333333,0.333333333,0.333333333,0.5,0.37037037,0.5,0.35106383,0.436619718,0.1875,0.6625,0.65,0.666666667,0.538274998,A,H
0.666666667,0.333333333,0.666666667,0.333333333,0.666666667,0.333333333,0,0.5,0.5,0.333333333,0.214285714,0.329787234,0.394366197,0.25,0.4,0.65,0.5,0.512812222,D,A
0.666666667,0.666666667,0.833333333,0.333333333,0.333333333,0.166666667,0,0.5,0.5,0.666666667,0.571428571,0.64893617,0.704225352,0.609375,0.55,0.65,0.333333333,0.548460108,D,H
0,0.333333333,0.666666667,0.666666667,0.666666667,0.5,0.333333333,0.5,0.333333333,0.444444444,0.5,0.276595745,0.323943662,0.375,0.35,0.5,0.5,0.461159163,H,H
0,0.5,0.833333333,0,0.5,0.333333333,0,0.5,0.333333333,0.555555556,0.428571429,0.382978723,0.464788732,0.453125,0.425,0.65,0.5,0.519278959,A,H
0,0.5,0.5,0,0.666666667,0.5,0,0.333333333,0.5,0.444444444,0.5,0.446808511,0.492957746,0.453125,0.5,0.65,0.5,0.519359793,H,H
0.333333333,0.333333333,0.833333333,0.333333333,0.5,0.166666667,0.333333333,0.666666667,0.5,0.444444444,0.5,0.521276596,0.535211268,0.421875,0.5875,0.75,0.5,0.760811575,H,H
0,0.5,0.75,0,0.5,0.25,0,0.5,0.5,0.407407407,0.5,0.659574468,0.591549296,0.5625,0.2875,0.3,0.5,0.512812222,H,H
0,0.5,0.75,0,0.666666667,0.25,0,0.333333333,0.5,0.666666667,0.5,0.659574468,0.605633803,0.53125,0.425,0.5,0.5,0.514752243,H,H
0.333333333,0.5,1,0.333333333,0.333333333,0.166666667,0.333333333,0.666666667,0.333333333,0.555555556,0.714285714,0.680851064,0.633802817,0.4375,0.45,0.45,0.5,0.621453399,D,H
0.5,0.833333333,0.833333333,0.5,0.166666667,0.166666667,0,0.5,0.5,0.481481481,0.5,0.64893617,0.633802817,0.34375,0.35,0.3,0.333333333,0.52833239,H,H
0,0.5,0.833333333,0.666666667,0.333333333,0.333333333,0.333333333,0.666666667,0.333333333,0.518518519,0.571428571,0.393617021,0.436619718,0.609375,0.45,0.35,0.5,0.528089888,D,H
0,0.5,0.5,0,0.5,0.5,0,0.5,0.5,0.444444444,0.428571429,0.606382979,0.563380282,0.453125,0.4875,0.45,0.166666667,0.536819982,H,H
0.666666667,0.5,0.5,0.333333333,0.333333333,0.333333333,0,0.666666667,0.666666667,0.407407407,0.357142857,0.414893617,0.394366197,0.4375,0.35,0.6,0.666666667,0.502384609,D,H
0,0.666666667,0.75,0,0.5,0.25,0,0.333333333,0.5,0.444444444,0.5,0.468085106,0.450704225,0.34375,0.5,0.5,0.5,0.512812222,D,H
0.666666667,0.666666667,0.5,0,0.5,0.666666667,0.333333333,0.333333333,0.333333333,0.592592593,0.571428571,0.468085106,0.521126761,0.328125,0.375,0.35,0.5,0.502707946,A,H
0.666666667,0.5,0.833333333,0,0.5,0.333333333,0.333333333,0.5,0.333333333,0.481481481,0.714285714,0.627659574,0.633802817,0.609375,0.4625,0.5,0.5,0.655969606,H,H
0.666666667,0.333333333,0.666666667,0.333333333,0.5,0.333333333,0,0.666666667,0.5,0.333333333,0.5,0.478723404,0.521126761,0.703125,0.5875,0.75,0.666666667,0.501414599,D,H
0,0.666666667,0.666666667,0,0.5,0.333333333,0,0.333333333,0.5,0.592592593,0.5,0.680851064,0.690140845,0.578125,0.2625,0.35,0.5,0.561959421,H,H
0,0.5,0.666666667,0.5,0.5,0.333333333,0.5,0.5,0.5,0.37037037,0.428571429,0.617021277,0.549295775,0.421875,0.325,0.6,0.333333333,0.516449762,H,H
0,0.5,0.5,0.5,0.5,0.5,0.5,0.5,0.5,0.481481481,0.428571429,0.404255319,0.478873239,0.375,0.35,0.25,0.333333333,0.427451297,D,A
0.333333333,0.5,0.666666667,0.666666667,0.666666667,0.666666667,0,0.333333333,0.166666667,0.407407407,0.357142857,0.425531915,0.408450704,0.40625,0.5625,0.75,0.833333333,0.497292054,D,A
0.333333333,0.333333333,0.333333333,0.333333333,0.5,0.5,0.333333333,0.666666667,0.666666667,0.518518519,0.571428571,0.606382979,0.61971831,0.53125,0.4375,0.7,0.5,0.444345647,A,H
0.666666667,0.666666667,1,0.333333333,0.666666667,0.166666667,0,0.166666667,0.333333333,0.555555556,0.714285714,0.606382979,0.549295775,0.453125,0.575,0.55,0.5,0.642551128,A,H
0.666666667,0.5,0.833333333,0,0.666666667,0.333333333,0.333333333,0.333333333,0.333333333,0.407407407,0.571428571,0.606382979,0.61971831,0.65625,0.4875,0.55,0.5,0.877778676,D,H
0,0.5,0.5,0.666666667,0.666666667,0.5,0.333333333,0.333333333,0.5,0.555555556,0.642857143,0.787234043,0.774647887,0.484375,0.4,0.4,0.5,0.409910274,D,A
0,0.5,0.75,0,0.5,0.25,0,0.5,0.5,0.555555556,0.642857143,0.542553191,0.492957746,0.59375,0.2875,0.6,0.5,0.50893218,H,H
0,0.5,0.666666667,0,0.666666667,0.333333333,0,0.333333333,0.5,0.481481481,0.428571429,0.70212766,0.647887324,0.4375,0.575,0.6,0.5,0.499232075,H,H
0.5,0.666666667,0.5,0,0.5,0.5,0.5,0.333333333,0.5,0.592592593,0.571428571,0.510638298,0.577464789,0.421875,0.425,0.4,0.5,0.524533182,H,H
0.333333333,0.666666667,0.5,0.666666667,0.666666667,0.333333333,0,0.166666667,0.666666667,0.62962963,0.785714286,0.574468085,0.549295775,0.40625,0.275,0.15,0.5,0.512812222,D,H
0.666666667,0.5,0.666666667,0,0.5,0.333333333,0.333333333,0.5,0.5,0.407407407,0.428571429,0.404255319,0.450704225,0.375,0.3625,0.5,0.666666667,0.547490098,H,H
0,0.666666667,0.833333333,0,0.333333333,0.333333333,0,0.5,0.333333333,0.666666667,0.5,0.510638298,0.535211268,0.421875,0.575,0.45,0.5,0.525745696,D,H
0.666666667,0.333333333,0.833333333,0.333333333,0.5,0.166666667,0,0.666666667,0.5,0.555555556,0.571428571,0.670212766,0.746478873,0.546875,0.3125,0.35,0.166666667,0.572629537,H,H
0.5,0.666666667,0.666666667,0,0.5,0.5,0.5,0.333333333,0.333333333,0.62962963,0.428571429,0.595744681,0.591549296,0.65625,0.4375,0.55,0.5,0.534879961,A,H
0.666666667,0.333333333,0.5,0,0.666666667,0.5,0.333333333,0.5,0.5,0.481481481,0.5,0.393617021,0.478873239,0.375,0.3,0.35,0.5,0.676501495,H,H
0.666666667,0.666666667,0.666666667,0.333333333,0.333333333,0.166666667,0,0.5,0.666666667,0.740740741,0.714285714,0.617021277,0.661971831,0.46875,0.475,0.25,0.5,0.640611107,H,H
0,0.333333333,0.5,0.666666667,0.666666667,0.666666667,0.333333333,0.5,0.333333333,0.259259259,0.357142857,0.521276596,0.535211268,0.59375,0.525,0.4,0.5,0.510872201,A,A
0.333333333,0.5,1,0.333333333,0.5,0.333333333,0.333333333,0.5,0.166666667,0.481481481,0.571428571,0.882978723,0.788732394,0.6875,0.475,0.5,0.5,0.696871716,H,H
0.666666667,0.5,0.666666667,0,0.5,0.333333333,0.333333333,0.5,0.5,0.444444444,0.357142857,0.393617021,0.394366197,0.453125,0.4125,0.5,0.666666667,0.439010589,A,H
0.333333333,0.166666667,0.333333333,0.333333333,0.666666667,0.666666667,0.333333333,0.666666667,0.5,0.481481481,0.571428571,0.457446809,0.450704225,0.390625,0.5,0.55,0.5,0.502546278,H,H
0,0.5,0.666666667,0.5,0.666666667,0.333333333,0.5,0.333333333,0.5,0.333333333,0.5,0.531914894,0.436619718,0.53125,0.3,0.25,0.333333333,0.517015601,H,A
0.666666667,0.5,1,0.333333333,0.5,0,0,0.5,0.5,0.518518519,0.571428571,0.382978723,0.436619718,0.59375,0.475,0.35,0.5,0.629213483,H,H
0.333333333,0.666666667,0.5,0.333333333,0.666666667,0.666666667,0.333333333,0.166666667,0.333333333,0.444444444,0.571428571,0.319148936,0.338028169,0.328125,0.575,0.75,0.5,0.572387034,H,H
0.666666667,0.5,0.833333333,0.333333333,0.666666667,0.333333333,0,0.333333333,0.333333333,0.407407407,0.571428571,0.159574468,0.281690141,0.203125,0.45,0.6,0.333333333,0.516934767,H,H
0,0.333333333,0.666666667,0,0.666666667,0.5,0,0.5,0.333333333,0.333333333,0.357142857,0.414893617,0.309859155,0.421875,0.3625,0.5,0.5,0.532616603,A,H
0.333333333,0.5,0.5,0.333333333,0.833333333,0.666666667,0.333333333,0.166666667,0.333333333,0.296296296,0.428571429,0.521276596,0.436619718,0.5,0.7625,0.6,0.5,0.405141056,A,A
0,0.5,0.833333333,0,0.5,0.166666667,0,0.5,0.5,0.37037037,0.428571429,0.521276596,0.507042254,0.515625,0.3375,0.4,0.5,0.522916498,H,H
0,0.666666667,0.75,0,0.333333333,0.25,0,0.5,0.5,0.62962963,0.571428571,0.5,0.577464789,0.59375,0.425,0.35,0.5,0.521865654,H,H
0.333333333,0.833333333,0.5,0.666666667,0.166666667,0.333333333,0,0.5,0.666666667,0.518518519,0.5,0.457446809,0.450704225,0.6875,0.3375,0.4,0.333333333,0.437232237,D,A
0.666666667,0.666666667,1,0.333333333,0.5,0.166666667,0,0.333333333,0.333333333,0.481481481,0.785714286,0.585106383,0.577464789,0.5,0.475,0.65,0.666666667,0.518632285,H,H
0,0.5,0.666666667,0,0.5,0.333333333,0,0.5,0.5,0.407407407,0.428571429,0.64893617,0.563380282,0.703125,0.1625,0.4,0.5,0.568830329,D,H
0.333333333,0.333333333,0.333333333,0.666666667,0.5,0.5,0,0.666666667,0.666666667,0.481481481,0.357142857,0.744680851,0.591549296,0.578125,0.5,0.6,0.666666667,0.512812222,D,H
0.666666667,0.666666667,0.5,0,0.333333333,0.5,0.333333333,0.5,0.5,0.37037037,0.428571429,0.606382979,0.61971831,0.4375,0.3125,0.4,0.5,0.530272411,D,H
0,0.666666667,0.666666667,0,0.666666667,0.5,0,0.166666667,0.333333333,0.444444444,0.571428571,0.425531915,0.464788732,0.546875,0.575,0.6,0.5,0.471505941,H,A
0.666666667,0.333333333,0.666666667,0.333333333,0.5,0.333333333,0,0.666666667,0.5,0.481481481,0.5,0.70212766,0.605633803,0.5625,0.4375,0.75,0.833333333,0.541265864,A,H
0.333333333,0.666666667,0.666666667,0.333333333,0.166666667,0.333333333,0.333333333,0.666666667,0.5,0.703703704,0.714285714,0.712765957,0.661971831,0.59375,0.3375,0.55,0.5,0.512812222,D,H
0.333333333,0.5,0.5,0.666666667,0.5,0.166666667,0,0.5,0.833333333,0.481481481,0.428571429,0.29787234,0.422535211,0.4375,0.3125,0.3,0.5,0.470374262,H,H
0,0.5,0.666666667,1,0.5,0.5,0,0.5,0.333333333,0.481481481,0.428571429,0.5,0.577464789,0.390625,0.4125,0.5,0.333333333,0.431331339,A,H
0.666666667,0.833333333,1,0.333333333,0.5,0.333333333,0,0.166666667,0.166666667,0.592592593,0.642857143,0.478723404,0.591549296,0.28125,0.55,0.4,0.5,0.669307251,H,H
0.333333333,0.666666667,0.666666667,0.666666667,0.5,0.166666667,0,0.333333333,0.666666667,0.555555556,0.714285714,0.276595745,0.338028169,0.28125,0.5875,0.55,0.5,0.504405464,A,A
0,0.666666667,0.5,0.666666667,0.5,0.333333333,0.333333333,0.333333333,0.666666667,0.592592593,0.571428571,0.5,0.61971831,0.390625,0.425,0.6,0.5,0.503839625,D,H
0,0.333333333,0.666666667,0,0.666666667,0.5,0,0.5,0.333333333,0.37037037,0.428571429,0.691489362,0.61971831,0.734375,0.5,0.5,0.333333333,0.509983025,H,H
0.666666667,0.666666667,0.833333333,0,0.333333333,0.5,0.333333333,0.5,0.166666667,0.518518519,0.571428571,0.542553191,0.535211268,0.3125,0.5125,0.45,0.5,0.619755881,D,H
0,0.666666667,0.5,0,0.5,0.666666667,0,0.333333333,0.333333333,0.555555556,0.642857143,0.361702128,0.549295775,0.515625,0.5875,0.55,0.5,0.483711907,A,A
0,0.666666667,0.833333333,0,0.333333333,0.333333333,0,0.5,0.333333333,0.555555556,0.5,0.542553191,0.521126761,0.484375,0.15,0.35,0.5,0.525745696,D,H
0,0.5,0.5,0,0.666666667,0.5,0,0.333333333,0.5,0.407407407,0.357142857,0.361702128,0.450704225,0.265625,0.4625,0.5,0.5,0.515722254,H,H
0.333333333,0.166666667,0.5,0.333333333,0.666666667,0.333333333,0.333333333,0.666666667,0.666666667,0.37037037,0.5,0.319148936,0.408450704,0.375,0.4125,0.45,0.5,0.339907849,H,A
0,0.333333333,0.833333333,0,0.5,0.5,0,0.666666667,0.166666667,0.481481481,0.5,0.457446809,0.464788732,0.40625,0.5,0.55,0.5,0.519278959,D,H
0.666666667,0.333333333,0.333333333,0.333333333,0.666666667,0.5,0,0.5,0.666666667,0.407407407,0.428571429,0.776595745,0.633802817,0.65625,0.5375,0.65,0.5,0.57691375,H,H
0.333333333,0.333333333,0.333333333,0.666666667,0.5,0.333333333,0,0.666666667,0.833333333,0.481481481,0.571428571,0.521276596,0.521126761,0.390625,0.4125,0.35,0.5,0.313555897,A,A
0.333333333,0.5,0.333333333,0.333333333,0.666666667,0.833333333,0.333333333,0.333333333,0.333333333,0.481481481,0.571428571,0.340425532,0.352112676,0.546875,0.475,0.65,0.666666667,0.493816183,A,H
0.5,0.333333333,0.5,0.5,1,0.666666667,0,0.166666667,0.333333333,0.37037037,0.357142857,0.542553191,0.549295775,0.765625,0.35,0.55,0.5,0.487026109,H,H
0,0.333333333,0.5,0.666666667,0.5,0.5,0.333333333,0.666666667,0.5,0.444444444,0.5,0.425531915,0.394366197,0.234375,0.525,0.4,0.5,0.168862663,D,A
0,0.5,1,0,0.666666667,0.333333333,0,0.333333333,0.166666667,0.555555556,0.571428571,0.531914894,0.577464789,0.421875,0.4,0.4,0.5,0.444345647,A,A
0.333333333,0.666666667,0.666666667,0.333333333,0.166666667,0.166666667,0.333333333,0.666666667,0.666666667,0.555555556,0.571428571,0.436170213,0.464788732,0.59375,0.45,0.45,0.5,0.543852558,H,H
0,0.5,0.833333333,0,0.5,0.166666667,0,0.5,0.5,0.518518519,0.571428571,0.393617021,0.394366197,0.375,0.3875,0.4,0.5,0.515398917,H,H
0,0.666666667,0.666666667,1,0.5,0.5,0,0.333333333,0.333333333,0.444444444,0.571428571,0.436170213,0.436619718,0.421875,0.3875,0.4,0.5,0.474254304,H,H
0.333333333,0.5,0.666666667,0.666666667,0.166666667,0.333333333,0,0.833333333,0.5,0.592592593,0.714285714,0.542553191,0.563380282,0.625,0.5375,0.2,0.5,0.398350982,H,H
0.333333333,0.166666667,0.666666667,0.333333333,0.666666667,0.666666667,0.333333333,0.666666667,0.166666667,0.407407407,0.357142857,0.404255319,0.394366197,0.515625,0.4125,0.75,0.5,0.394551774,H,A
0.333333333,0.666666667,0.833333333,0.333333333,0.166666667,0.166666667,0.333333333,0.666666667,0.5,0.592592593,0.571428571,0.638297872,0.605633803,0.546875,0.2,0.35,0.5,0.665669711,H,H
0,0.333333333,0.5,0,0.666666667,0.5,0,0.5,0.5,0.333333333,0.357142857,0.489361702,0.478873239,0.4375,0.475,0.6,0.333333333,0.500202086,A,A
0,0.5,0.5,0.666666667,0.666666667,0.666666667,0.333333333,0.333333333,0.333333333,0.518518519,0.714285714,0.276595745,0.309859155,0.484375,0.5,0.5,0.5,0.511599709,D,H
0.333333333,0.166666667,0.5,0.333333333,1,0.666666667,0.333333333,0.333333333,0.333333333,0.407407407,0.357142857,0.542553191,0.492957746,0.609375,0.3875,0.4,0.5,0.525099022,H,H
0,0.333333333,0.5,0.666666667,0.5,0.333333333,0.333333333,0.666666667,0.666666667,0.407407407,0.5,0.468085106,0.464788732,0.421875,0.425,0.45,0.5,0.519359793,D,A
0,0.5,0.5,0.666666667,0.666666667,0.5,0.333333333,0.333333333,0.5,0.407407407,0.357142857,0.393617021,0.323943662,0.421875,0.475,0.7,0.333333333,0.415811171,A,A
0.333333333,0.5,0.666666667,0.333333333,0.333333333,0.166666667,0.333333333,0.666666667,0.666666667,0.481481481,0.571428571,0.436170213,0.492957746,0.609375,0.6375,0.35,0.166666667,0.700751758,H,H
0.666666667,0.166666667,0.833333333,0.333333333,0.833333333,0.166666667,0,0.5,0.5,0.481481481,0.5,0.712765957,0.605633803,0.53125,0.35,0.65,0.5,0.63511438,D,H
0.5,0.833333333,0.833333333,0.5,0.166666667,0.166666667,0,0.5,0.5,0.592592593,0.642857143,0.382978723,0.521126761,0.34375,0.4875,0.55,0.666666667,0.522512327,D,H
0,0.5,0.666666667,0,0.333333333,0.5,0,0.666666667,0.333333333,0.481481481,0.357142857,0.489361702,0.563380282,0.421875,0.4875,0.7,0.5,0.529221567,D,A
0,0.666666667,0.666666667,0,0.666666667,0.5,0,0.166666667,0.333333333,0.518518519,0.357142857,0.638297872,0.577464789,0.65625,0.525,0.35,0.666666667,0.494624525,H,H
0,0.5,0.75,0,0.5,0.25,0,0.5,0.5,0.518518519,0.5,0.659574468,0.76056338,0.609375,0.6,0.55,0.5,0.512812222,H,H
0.666666667,0.5,0.5,0,0.333333333,0.5,0.333333333,0.666666667,0.5,0.592592593,0.428571429,0.553191489,0.61971831,0.640625,0.3625,0.5,0.5,0.507719667,H,H
0.666666667,0.833333333,0.833333333,0.333333333,0.166666667,0.166666667,0,0.5,0.5,0.555555556,0.642857143,0.670212766,0.549295775,0.53125,0.375,0.55,0.333333333,0.569638671,H,H
0,0.5,0.5,1,0.666666667,0.5,0,0.333333333,0.5,0.555555556,0.5,0.521276596,0.549295775,0.46875,0.35,0.45,0.5,0.503758791,H,H
0.333333333,0.333333333,0.5,0.333333333,0.333333333,0.333333333,0.333333333,0.833333333,0.666666667,0.555555556,0.642857143,0.542553191,0.464788732,0.328125,0.5,0.55,0.5,0.509983025,H,H
0.333333333,0.333333333,0.166666667,0.333333333,0.666666667,0.666666667,0.333333333,0.5,0.666666667,0.444444444,0.428571429,0.585106383,0.549295775,0.5625,0.4875,0.5,0.5,0.473769299,H,H
0,0.5,0.5,0,0.666666667,0.5,0,0.333333333,0.5,0.444444444,0.357142857,0.382978723,0.408450704,0.53125,0.275,0.15,0.5,0.509255517,H,H
0,0.5,0.5,0,0.5,0.333333333,0,0.5,0.666666667,0.62962963,0.571428571,0.393617021,0.450704225,0.421875,0.3,0.45,0.333333333,0.535364966,A,H
0.666666667,0.333333333,0.666666667,0.333333333,0.333333333,0.166666667,0,0.833333333,0.666666667,0.481481481,0.428571429,0.5,0.478873239,0.4375,0.3875,0.55,0.5,0.536739148,D,H
0,0.5,0.666666667,1,0.666666667,0.5,0,0.333333333,0.333333333,0.444444444,0.5,0.574468085,0.633802817,0.515625,0.4625,0.4,0.666666667,0.461078328,D,A
0.666666667,0.333333333,0.833333333,0.333333333,0.666666667,0.666666667,0,0.5,0,0.37037037,0.214285714,0.680851064,0.76056338,0.328125,0.425,0.5,0.333333333,0.517096435,H,H
0.666666667,0.666666667,0.833333333,0,0.333333333,0.333333333,0.333333333,0.5,0.333333333,0.481481481,0.357142857,0.691489362,0.676056338,0.5,0.2875,0.4,0.333333333,0.768167488,H,H
0,0.333333333,0.5,0,0.666666667,0.5,0,0.5,0.5,0.444444444,0.285714286,0.606382979,0.605633803,0.546875,0.3625,0.55,0.666666667,0.497292054,D,A
0.333333333,0.5,0.5,0.333333333,0.333333333,0.333333333,0.333333333,0.666666667,0.666666667,0.518518519,0.642857143,0.308510638,0.338028169,0.3125,0.4875,0.7,0.5,0.41387115,A,A
0,0.5,0.666666667,0,0.5,0.5,0,0.5,0.333333333,0.518518519,0.571428571,0.393617021,0.338028169,0.375,0.475,0.5,0.833333333,0.52372484,H,H
0.5,0.666666667,0.666666667,0,0.333333333,0.5,0.5,0.5,0.333333333,0.592592593,0.357142857,0.595744681,0.591549296,0.703125,0.5125,0.35,0.5,0.530999919,H,H
0,0.333333333,0.5,0.666666667,0.666666667,0.5,0.333333333,0.5,0.5,0.148148148,0.357142857,0.531914894,0.450704225,0.5625,0.325,0.5,0.5,0.288012287,A,A
0.666666667,0.5,0.666666667,0,0.833333333,0.333333333,0.333333333,0.166666667,0.5,0.444444444,0.5,0.585106383,0.535211268,0.421875,0.425,0.55,0.5,0.480478539,D,H
0,0.5,0.666666667,0.666666667,0.666666667,0.5,0.333333333,0.333333333,0.333333333,0.444444444,0.714285714,0.446808511,0.605633803,0.484375,0.6125,0.75,0.666666667,0.164820952,A,A
0,0.666666667,0.5,0,0.333333333,0.5,0,0.5,0.5,0.666666667,0.642857143,0.627659574,0.732394366,0.453125,0.3875,0.5,0.333333333,0.519602296,H,H
0.5,0.333333333,0.666666667,0.5,1,0.333333333,0,0.166666667,0.5,0.444444444,0.428571429,0.234042553,0.352112676,0.375,0.5,0.45,0.666666667,0.512812222,D,H
0.666666667,0.5,0.5,0,0.666666667,0.5,0.333333333,0.333333333,0.5,0.62962963,0.571428571,0.723404255,0.647887324,0.703125,0.4875,0.6,0.5,0.655807938,H,H
0.333333333,0.666666667,0.666666667,0.333333333,0.333333333,0.166666667,0.333333333,0.5,0.666666667,0.555555556,0.714285714,0.319148936,0.436619718,0.28125,0.325,0.65,0.5,0.698326732,H,H
0.333333333,0.5,0.5,0.666666667,0.333333333,0.333333333,0,0.666666667,0.666666667,0.407407407,0.5,0.234042553,0.352112676,0.34375,0.5875,0.6,0.666666667,0.487591949,A,A
0,0.333333333,0.5,0,0.666666667,0.5,0,0.5,0.5,0.407407407,0.357142857,0.755319149,0.732394366,0.59375,0.375,0.45,0.5,0.511599709,D,H
0,0.666666667,0.666666667,1,0.5,0.333333333,0,0.333333333,0.5,0.481481481,0.428571429,0.5,0.563380282,0.46875,0.3875,0.45,0.333333333,0.396410961,D,H
0,0.333333333,0.833333333,0,0.666666667,0.5,0,0.5,0.166666667,0.444444444,0.5,0.542553191,0.633802817,0.4375,0.4375,0.65,0.666666667,0.544095061,D,H
0.666666667,0.333333333,0.5,0,0.666666667,0.666666667,0.333333333,0.5,0.333333333,0.444444444,0.285714286,0.680851064,0.591549296,0.59375,0.5375,0.5,0.5,0.459461644,H,H
0.333333333,0.833333333,0.666666667,0.333333333,0.166666667,0.166666667,0.333333333,0.5,0.666666667,0.592592593,0.642857143,0.595744681,0.605633803,0.515625,0.4,0.35,0.5,0.718211947,H,H
0.5,0.666666667,0.5,0.5,0.166666667,0.333333333,0,0.666666667,0.666666667,0.592592593,0.714285714,0.776595745,0.746478873,0.65625,0.425,0.4,0.5,0.558079379,A,H
0,0.666666667,0.666666667,0.5,0.5,0.333333333,0.5,0.333333333,0.5,0.481481481,0.642857143,0.542553191,0.563380282,0.421875,0.5625,0.65,0.666666667,0.50181877,A,H
0.666666667,0.5,0.833333333,0,0.5,0.166666667,0.333333333,0.5,0.5,0.518518519,0.571428571,0.425531915,0.577464789,0.328125,0.5375,0.45,0.333333333,0.547328429,H,H
0,0.5,0.666666667,0,0.666666667,0.333333333,0,0.333333333,0.5,0.518518519,0.571428571,0.287234043,0.366197183,0.546875,0.4375,0.7,0.5,0.515398917,H,H
0.666666667,0.5,0.5,0,0.333333333,0.5,0.333333333,0.666666667,0.5,0.555555556,0.428571429,0.638297872,0.591549296,0.59375,0.5875,0.55,0.5,0.58920055,H,H
0.5,1,0.666666667,0.5,0.5,0.333333333,0,0,0.5,0.666666667,0.571428571,0.563829787,0.647887324,0.546875,0.2125,0.5,0.5,0.530191577,H,H
0.333333333,0.666666667,1,0.666666667,0.5,0,0,0.333333333,0.5,0.444444444,0.5,0.340425532,0.323943662,0.328125,0.525,0.35,0.5,0.530595748,D,H
0.666666667,0.333333333,0.833333333,0,0.5,0.5,0.333333333,0.666666667,0.166666667,0.444444444,0.357142857,0.489361702,0.436619718,0.46875,0.4375,0.6,0.5,0.565920297,H,H
